STX.N21.1	rNaV1.4
STX.N21.2	rNaV1.4
STX.N7.1	rNaV1.4
STX.N9.1	rNaV1.4
STX.C10.1	rNaV1.4
STX.C13.1	rNaV1.4
STX.C13.2	rNaV1.4
STX.C13.3	rNaV1.4
STX	rNaV1.4
STX	rNaV1.4 Y401A
STX	rNaV1.4 E403D
STX	rNaV1.4 W756A
STX	rNaV1.4 I757A
STX	rNaV1.4 E758D
STX	rNaV1.4 W1239A
STX	rNaV1.4 M1240A
STX	rNaV1.4 D1241A
STX	rNaV1.4 L1534A
STX.N7.1	rNaV1.4 Y401A
STX.N7.1	rNaV1.4 E403D
STX.N7.1	rNaV1.4 W756A
STX.N7.1	rNaV1.4 I757A
STX.N7.1	rNaV1.4 E758D
STX.N7.1	rNaV1.4 W1239A
STX.N7.1	rNaV1.4 M1240A
STX.N7.1	rNaV1.4 D1241A
STX.N7.1	rNaV1.4 L1534A
STX.N9.1	rNaV1.4 Y401A
STX.N9.1	rNaV1.4 E403D
STX.N9.1	rNaV1.4 W756A
STX.N9.1	rNaV1.4 I757A
STX.N9.1	rNaV1.4 E758D
STX.N9.1	rNaV1.4 W1239A
STX.N9.1	rNaV1.4 M1240A
STX.N9.1	rNaV1.4 D1241A
STX.N9.1	rNaV1.4 L1534A
STX.C10.1	rNaV1.4 Y401A
STX.C10.1	rNaV1.4 E403D
STX.C10.1	rNaV1.4 W756A
STX.C10.1	rNaV1.4 I757A
STX.C10.1	rNaV1.4 E758D
STX.C10.1	rNaV1.4 W1239A
STX.C10.1	rNaV1.4 M1240A
STX.C10.1	rNaV1.4 D1241A
STX.C10.1	rNaV1.4 L1534A
STX.N21.1	rNaV1.4 Y401A
STX.N21.1	rNaV1.4 E403D
STX.N21.1	rNaV1.4 W756A
STX.N21.1	rNaV1.4 I757A
STX.N21.1	rNaV1.4 E758D
STX.N21.1	rNaV1.4 W1239A
STX.N21.1	rNaV1.4 M1240A
STX.N21.1	rNaV1.4 D1241A
STX.N21.1	rNaV1.4 L1534A
STX.N21.2	rNaV1.4 Y401A
STX.N21.2	rNaV1.4 E403D
STX.N21.2	rNaV1.4 W756A
STX.N21.2	rNaV1.4 I757A
STX.N21.2	rNaV1.4 E758D
STX.N21.2	rNaV1.4 W1239A
STX.N21.2	rNaV1.4 M1240A
STX.N21.2	rNaV1.4 D1241A
STX.N21.2	rNaV1.4 L1534A
STX.C13.1	rNaV1.4 Y401A
STX.C13.1	rNaV1.4 E403D
STX.C13.1	rNaV1.4 W756A
STX.C13.1	rNaV1.4 I757A
STX.C13.1	rNaV1.4 E758D
STX.C13.1	rNaV1.4 W1239A
STX.C13.1	rNaV1.4 M1240A
STX.C13.1	rNaV1.4 D1241A
STX.C13.1	rNaV1.4 L1534A
STX.C13.2	rNaV1.4 Y401A
STX.C13.2	rNaV1.4 E403D
STX.C13.2	rNaV1.4 W756A
STX.C13.2	rNaV1.4 I757A
STX.C13.2	rNaV1.4 E758D
STX.C13.2	rNaV1.4 W1239A
STX.C13.2	rNaV1.4 M1240A
STX.C13.2	rNaV1.4 D1241A
STX.C13.2	rNaV1.4 L1534A
STX	rNaV1.4 M1240T
STX	rNaV1.4 D1241I
STX	rNaV1.4 M1240T/D1241I
STX	rNaV1.4 M1240A/D1241A
STX	rNaV1.4 M1240T/D1241A
STX	rNaV1.4 M1240S
STX	rNaV1.4 M1240I
STX	rNaV1.4 M1240V
STX	rNaV1.4 M1240N
STX	rNaV1.4 D1241T
STX	rNaV1.4 D1241N
STX	rNaV1.4 D1241E
STX.C10.1	rNaV1.4 M1240T
STX.C10.1	rNaV1.4 D1241I
STX.C10.1	rNaV1.4 M1240T/D1241I
STX.C10.1	rNaV1.4 M1240A/D1241A
STX.N21.2	rNaV1.4 M1240T
STX.N21.2	rNaV1.4 D1241I
STX.N21.2	rNaV1.4 M1240T/D1241I
STX.N21.2	rNaV1.4 M1240A/D1241A
STX.N21.2	rNaV1.4 M1240T/D1241A
STX.C13.1	rNaV1.4 M1240T
STX.C13.1	rNaV1.4 D1241I
STX.C13.1	rNaV1.4 M1240T/D1241I
STX.C13.1	rNaV1.4 M1240A/D1241A
STX.C13.1	rNaV1.4 M1240S
STX.C13.1	rNaV1.4 M1240I
STX.C13.1	rNaV1.4 M1240V
STX.C13.1	rNaV1.4 M1240N
STX.C13.1	rNaV1.4 D1241T
STX.C13.1	rNaV1.4 D1241N
STX.C13.1	rNaV1.4 D1241E
STX.C13.2	rNaV1.4 M1240T
STX.C13.2	rNaV1.4 D1241I
STX.C13.2	rNaV1.4 M1240T/D1241I
STX.C13.2	rNaV1.4 M1240A/D1241A
STX.C13.2	rNaV1.4 M1240T/D1241A
STX.C13.2	rNaV1.4 M1240S
STX.C13.2	rNaV1.4 M1240I
STX.C13.2	rNaV1.4 M1240V
STX.C13.2	rNaV1.4 M1240N
STX.C13.2	rNaV1.4 D1241T
STX.C13.2	rNaV1.4 D1241N
STX.C13.2	rNaV1.4 D1241E
STX.C13.3	rNaV1.4 M1240T/D1241I
STX.C13.3	rNaV1.4 M1240A/D1241A
STX.C13.3	rNaV1.4 M1240T/D1241A
GTX.2	rNaV1.4
GTX.3	rNaV1.4
STX.C11.1	rNaV1.4
STX.C11.3	rNaV1.4
STX.C11.4	rNaV1.4
GTX.3	hNaV1.7
TTX	hNaV1.7
TTX	rNaV1.4
TTX	rNaV1.4 M1240T
TTX	rNaV1.4 D1241I
TTX	rNaV1.4 M1240T/D1241I
TTX	hNaV1.7 T1398M/I1399D
STX	hNaV1.7 T1398M/I1399D
STX.C10.1.C13.2	rNaV1.4
STX.C10.1.C13.2	rNaV1.4 E403D
STX.C10.1.C13.2	rNaV1.4 M1240T/D1241I
STX.C10.1.C13.2	rNaV1.4 E403D/M1240T/D1241I
STX.C12.1	rNaV1.4
STX.C11.6	rNaV1.4
STX.C11.6	rNaV1.4 Y401S
STX.N21.3	rNaV1.4
STX	hNaV1.7
STX.C13.2	hNaV1.7
STX	rNaV1.2
STX.C13.2	rNaV1.2
STX	hNaV1.5
STX.C13.2	hNaV1.5
STX	rNaV1.4 E758Q
TTX	rNaV1.4 E758Q
STX	rNaV1.4 D1532N
TTX	rNaV1.4 D1532N
TTX.C4.1	hNaV1.6
STX	rNaV1.4 E403D/M1240T/D1241I
STX.C10.1	rNaV1.4 E403D/M1240T/D1241I
STX.C13.2	rNaV1.4 E403D/M1240T/D1241I
STX	rNaV1.4 Y401S
STX.C10.1	rNaV1.4 Y401S
GTX.3	rNaV1.4 Y401S
GTX.2	rNaV1.4 Y401S
STX	rNaV1.4 M1240C
STX.N21.3	rNaV1.4 M1240C
STX	rNaV1.4 T759C
STX.N21.3	rNaV1.4 T759C
STX	I1242C
STX.N21.3	I1242C
STX	rNaV1.4 A1245C
STX.N21.3	rNaV1.4 A1245C
STX	K1252C
STX.N21.3	K1252C
STX.N21.4	rNaV1.4
STX.N21.5	rNaV1.4
STX.N21.6	rNaV1.4
STX.N21.7	rNaV1.4
STX.N21.7	rNaV1.2
STX.N21.3	rNaV1.4
STX.N21.3	rNaV1.4
STX.N21.8	rNaV1.2
STX.N21.9	rNaV1.2
STX.N21.9	rNaV1.2
STX.N21.10	rNaV1.2
STX.N21.9	rNaV1.4 M1240C
STX.N21.11	rNaV1.4 M1240C
STX.N21.12	rNaV1.2
STX.N21.13	rNaV1.2
STX.N21.14	rNaV1.2
STX.N21.15	rNaV1.2
STX.N21.16	rNaV1.2
STX.N21.17	rNaV1.2
STX.N21.18	rNaV1.4
STX.N21.19	rNaV1.5
STX.N21.20	rNaV1.6
STX.N21.17	rNaV1.7
STX.N21.14	rNaV1.9
STX.N21.14	hNaV1.5
STX	hNaV1.5
STX	rNaV1.8
ZTX	rNaV1.2
ZTX	rNaV1.4
STX.N21.3	rNaV1.2
STX.N21.21	rNaV1.2
TTX	rNaV1.4
STX.N21.22	rNaV1.4
STX.N21.23	rNaV1.4
ZTX	rNaV1.5
TTX.C4.1	rNaV1.6
STX.2	rNaV1.4
STX.N21.4	rNaV1.4
STX.N21.24	rNaV1.4
STX	hNaV1.5
STX.N21.3	hNaV1.5
STX.N21.25	hNaV1.5
STX	hNaV1.7
TTX	hNaV1.7
TTX	hNaV1.7 T1398M/I1399D
STX	hNaV1.7 T1398M/I1399D
TTX	rNaV1.4 M1240T/D1241I
STX	rNaV1.4 M1240T/D1241I
STX.N21.4	rNaV1.4
STX.N21.24	rNaV1.4
STX.N21.23	rNaV1.4
STX.N21.3	rNaV1.4
STX.N21.26	rNaV1.4
STX.N21.27	rNaV1.4
STX.N21.28	rNaV1.4
STX.N21.29	rNaV1.4
STX.N21.25	rNaV1.4
STX	hNaV1.7
TTX	hNaV1.7
TTX	rNaV1.4 Y401C/S
TTX	rNaV1.5 C374Y
TTX	rNaV1.5
GTX.3	rNaV1.4
STX	rNaV1.4
TTX	rNaV1.4
GTX.3	hNaV1.7 T1398M/I1399D
STX	rNaV1.4 M1240T
GTX.3	rNaV1.4 M1240T
TTX	rNaV1.4 M1240T
STX	rNaV1.4 D1241I
GTX.3	rNaV1.4 D1241I
TTX	rNaV1.4 D1241I
GTX.3	rNaV1.4 M1240T/D1241I
GTX.3.1	rNaV1.4
GTX.3.2	rNaV1.4
STX	rNaV1.4 D400A
TTX	rNaV1.4 D400A
STX	rNaV1.4 E403Q
TTX	rNaV1.4 E403Q
STX	rNaV1.4 E755A
TTX	rNaV1.4 E755A
STX	rNaV1.4 E758Q
STX	rNaV1.4 K1237A
STX	rNaV1.4 M1240E
STX	rNaV1.4 M1240K
STX	rNaV1.4 D1532N
TTX	rNaV1.4 E758Q
TTX	rNaV1.4 K1237A
TTX	rNaV1.4 M1240E
TTX	rNaV1.4 M1240K
TTX	rNaV1.4 D1532N
STX.C11.1	rNaV1.4
STX.C11.7	rNaV1.4
ZTX	rNaV1.2
ZTX	rNaV1.4
ZTX	hNaV1.5
STX	rNaV1.2
STX	rNaV1.4
STX	hNaV1.5
STX.C10.1	rNaV1.4
STX.C11.3.N21.30	rNaV1.4
STX.C11.4.N21.31	rNaV1.4
STX.N21.25	rNaV1.4
STX.N21.24	rNaV1.4
STX.N21.32	rNaV1.4
GTX.5	rNaV1.4
STX.N21.33	rNaV1.4
STX.N21.34	rNaV1.4
STX.N21.35	rNaV1.4
STX.N21.36	rNaV1.4
STX.N21.37	rNaV1.4
STX.N21.38	rNaV1.4
STX.C12.1	rNaV1.5
STX.C13.4	rNaV1.6
STX.C12.2	rNaV1.7
STX	rNaV1.4 E758D
STX.C13.4	rNaV1.4 M1240T/D1241I
